college_name,Private,Apps,Accept,Enroll,Top10perc,Top25perc,F_Undergrad,P_Undergrad,Outstate,Room_Board,Books,Personal,PhD,Terminal,S_F_Ratio,perc_alumni,Expend,Grad_Rate
Abilene Christian University,Yes,1660,1232,721,23,52,2885,537,7440,3300,450,2200,70,78,18.1,12,7041,60
Agnes Scott College,Yes,417,349,137,60,89,510,63,12960,5450,450,875,92,97,7.7,37,19016,59
Alaska Pacific University,Yes,193,146,55,16,44,249,869,7560,4120,800,1500,76,72,11.9,2,10922,15
Albertus Magnus College,Yes,353,340,103,17,45,416,230,13290,5720,500,1500,90,93,11.5,26,8861,63
Allegheny College,Yes,2652,1900,484,44,77,1707,44,17080,4440,400,600,73,91,9.9,41,11711,76
Alma College,Yes,1267,1080,385,44,73,1306,28,12572,4552,400,400,79,87,15.3,32,9305,68
Angelo State University,No,3540,2001,1016,24,54,4190,1512,5130,3592,500,2000,60,62,23.1,5,4010,34
Antioch University,Yes,713,661,252,25,44,712,23,15476,3336,400,1100,69,82,11.3,35,42926,48
Aquinas College,Yes,619,516,219,20,51,1251,767,11208,4124,350,1615,55,65,12.7,25,6584,65
Assumption College,Yes,2135,1700,491,23,59,1708,689,12000,5920,500,500,93,93,13.8,30,7100,88
Augsburg College,Yes,662,513,257,12,30,2074,726,11902,4372,540,950,65,65,12.8,31,7836,58
Baker University,Yes,602,483,206,21,47,958,466,8620,4100,400,2250,58,68,11,21,6136,65
Baldwin-Wallace College,Yes,1690,1366,662,30,61,2718,1460,10995,4410,1000,1000,68,74,17.6,20,8086,85
Bard College,Yes,1910,838,285,50,85,1004,15,19264,6206,750,750,98,98,10.4,30,13894,79
Barnard College,Yes,2496,1402,531,53,95,2121,69,17926,8124,600,850,83,93,10.3,33,12580,91
Baylor University,Yes,6075,5349,2367,34,66,9919,484,6450,3920,600,1346,71,76,18.5,38,7503,72
Belmont University,Yes,1220,974,481,28,67,1964,623,7800,3664,650,900,61,61,11.1,19,7614,49
Bemidji State University,No,1208,877,546,12,36,3796,824,4425,2700,660,1800,57,62,19.6,16,3752,46
Benedictine College,Yes,632,620,222,14,24,702,501,9550,3850,350,250,64,84,14.1,18,5922,58
Berry College,Yes,1858,1221,480,37,68,1620,49,8050,3940,350,2375,80,80,16.3,17,10511,63
Bethany College,Yes,878,816,200,16,41,706,62,8740,3363,550,1700,62,68,11.6,29,7718,48
Bethel College KS,Yes,202,184,122,19,42,537,101,8540,3580,500,1400,61,80,8.8,32,8324,56
Birmingham-Southern College,Yes,805,588,287,67,88,1376,207,11660,4325,400,900,74,79,14,34,8649,72
Bloomsburg Univ. of Pennsylvania,No,6773,3028,1025,15,55,5847,946,7844,2948,500,1680,66,68,18,19,7041,75
Bluffton College,Yes,692,514,209,20,50,760,81,9900,3990,400,900,76,71,13.3,19,9073,58
Bradley University,Yes,3767,3414,1061,30,58,4531,643,10870,4440,2000,1522,75,81,14.4,21,7671,85
Brandeis University,Yes,4186,2743,740,48,77,2819,62,19380,6750,410,1000,90,97,9.8,24,17150,84
Brenau University,Yes,367,274,158,12,41,917,479,9592,5879,500,700,71,80,13.7,12,5935,49
Brewton-Parker College,Yes,1436,1228,1202,10,26,1320,822,4371,2370,500,2000,62,62,12.6,10,4900,18
Briar Cliff College,Yes,392,351,155,16,44,738,430,10260,3597,600,1500,39,66,13.1,26,8355,58
Cabrini College,Yes,599,494,224,8,28,1035,446,10518,6250,300,300,59,76,16.5,36,7117,71
Caldwell College,Yes,1011,604,213,17,42,693,868,8900,4600,425,1000,87,96,13.9,25,7922,55
California Polytechnic-San Luis,No,7811,3817,1650,47,73,12911,1404,7380,4877,612,2091,72,81,19.8,13,8453,59
California State University at Fresno,No,4540,3294,1483,5,60,13494,1254,7706,4368,600,1926,90,90,21.2,8,7268,61
Calvin College,Yes,1784,1512,913,29,56,3401,136,10230,3710,400,1210,75,81,14.8,41,7786,81
Campbellsville College,Yes,848,587,298,25,55,935,184,6060,3070,600,1300,62,66,17.7,13,5391,49
Canisius College,Yes,2853,2193,753,16,34,2978,434,10750,5340,400,1130,90,92,14.6,26,7972,64
Capital University,Yes,1747,1382,449,34,66,1662,960,13050,4000,500,800,64,69,12.1,27,9557,83
Capitol College,Yes,100,90,35,10,52,282,331,8400,2812,300,2134,10,50,12.1,24,7976,52
Carleton College,Yes,2694,1579,489,75,93,1870,12,19292,3957,550,550,81,93,10.4,60,17960,91
Carroll College,Yes,1160,991,352,19,55,1357,737,12200,3880,480,930,74,81,17.8,25,7666,79
Carson-Newman College,Yes,1096,951,464,27,62,1776,239,8150,3150,400,500,61,62,13.6,16,6716,67
Carthage College,Yes,1616,1427,434,20,43,1405,580,13125,3775,500,1300,74,89,15.9,22,7364,62
Castleton State College,No,1257,940,363,9,22,1547,294,7656,4690,400,700,89,91,14.7,8,6318,79
Catawba College,Yes,1083,880,291,13,34,915,80,9270,4100,600,1860,75,82,13.5,27,8425,55
Cazenovia College,Yes,3847,3433,527,9,35,1010,12,9384,4840,600,500,22,47,14.3,20,7697,118
Cedar Crest College,Yes,776,607,198,25,58,791,764,14340,5285,500,1000,58,83,11.7,39,10961,74
Cedarville College,Yes,1307,1090,616,25,55,2196,82,7344,4410,570,1000,50,52,15.3,34,6897,64
Centenary College,Yes,369,312,90,12,46,396,526,11400,5400,500,760,41,85,9.5,20,9583,24
Centenary College of Louisiana,Yes,495,434,210,35,55,775,44,8950,3490,600,1900,86,92,11.3,25,9685,66
Central College,Yes,1283,1113,401,31,65,1355,40,10938,3660,650,600,76,90,13.5,29,8444,67
Central Washington University,No,2785,2011,1007,8,65,6507,898,7242,3603,654,1416,67,89,18.1,0,6413,51
Central Wesleyan College,Yes,174,146,88,8,29,1047,33,8300,3080,600,600,62,62,15.2,18,3365,58
Centre College,Yes,1013,888,288,55,82,943,7,11850,4270,600,900,95,99,11.4,60,13118,74
Chapman University,Yes,959,771,351,23,48,1662,209,16624,5895,600,1100,72,80,12.8,6,12692,47
Christian Brothers University,Yes,880,520,224,16,42,1068,364,9300,3260,600,900,81,81,11.1,24,8129,63
Claremont McKenna College,Yes,1860,767,227,71,93,887,1,17000,6010,500,850,99,99,9.6,52,18443,87
Clarkson University,Yes,2174,1953,557,35,68,2332,53,15960,5580,700,1300,95,95,15.8,32,11659,77
Clemson University,No,8065,5257,2301,37,65,11755,770,8116,3610,800,1618,82,88,18,17,7597,73
Clinch Valley Coll. of  the Univ. of Virginia,No,689,561,250,15,30,1125,422,7168,3689,600,1900,67,67,18.1,9,4417,46
Coe College,Yes,1006,742,275,29,60,1127,205,13925,4390,500,2200,73,86,12.7,32,10141,67
Colby College,Yes,2848,1319,456,58,84,1720,35,18930,5590,500,1000,83,94,10.2,41,15954,91
College Misericordia,Yes,1432,888,317,29,58,1121,493,10860,5760,550,900,56,62,12.9,23,8604,96
College of Mount St. Joseph,Yes,798,620,238,14,41,1165,1232,9800,4430,400,1150,46,46,11.1,35,6889,100
College of Notre Dame,Yes,344,264,97,11,42,500,331,12600,5520,630,2250,77,80,10.4,7,9773,43
College of Saint Rose,Yes,983,664,249,23,57,1698,894,9990,5666,800,1500,66,71,14.3,28,6084,64
College of Santa Fe,Yes,546,447,189,16,42,873,683,11138,4138,600,1200,40,74,14,7,8820,80
College of the Holy Cross,Yes,2994,1691,659,70,95,2675,22,18000,6300,400,900,92,96,11.3,55,12138,95
College of William and Mary,No,7117,3106,1217,68,88,5186,134,11720,4298,600,800,89,92,12.1,31,9534,93
College of Wooster,Yes,2100,1883,553,29,65,1704,1,16240,4690,500,500,84,96,11.1,43,14140,69
Colorado College,Yes,3207,1577,490,56,87,1892,7,17142,4190,450,1200,85,97,11.3,51,14664,84
Colorado State University,No,9478,6312,2194,29,65,15646,1829,8412,4180,470,1800,87,89,19.2,10,7850,59
Columbia College MO,Yes,314,158,132,10,28,690,5346,8294,3700,400,900,87,87,15.3,2,5015,37
Concordia University CA,Yes,688,497,144,30,75,641,101,10800,4440,570,1515,55,60,13.1,13,8415,55
Connecticut College,Yes,3035,1546,438,42,93,1630,232,18740,6300,600,500,86,95,10.7,40,14773,91
Cornell College,Yes,1538,1329,383,33,68,1140,10,15248,4323,550,800,71,76,12.2,31,10340,64
Culver-Stockton College,Yes,1576,1110,274,24,55,992,112,8000,3700,400,500,51,52,14.1,28,5807,51
D'Youville College,Yes,866,619,157,18,47,1074,336,8920,4310,680,1320,68,68,14.6,42,6898,46
Dana College,Yes,504,482,185,10,36,550,84,9130,3322,450,1450,46,51,12.6,25,8686,54
Daniel Webster College,Yes,585,508,153,12,30,460,536,12292,4934,500,500,61,61,22.2,10,8643,72
Defiance College,Yes,571,461,174,10,26,645,283,10850,3670,400,1159,58,60,12.8,19,7505,56
Delta State University,No,967,945,459,15,48,2806,538,4528,1880,500,1200,49,63,17.1,16,5113,58
Denison University,Yes,2762,2279,533,32,60,1835,14,16900,4720,500,600,88,97,11.6,45,12423,81
Dordt College,Yes,604,562,328,25,50,1048,56,9800,2650,450,2800,61,60,12.5,17,7325,87
Drake University,Yes,2799,2573,839,34,65,3322,726,13420,4770,560,1675,88,93,15,24,9473,77
Drury College,Yes,700,650,314,33,66,1065,48,8730,3523,500,750,82,92,13.2,35,9303,67
Earlham College,Yes,1358,1006,274,35,63,1028,13,15036,4056,600,600,90,94,10.6,46,14634,78
East Carolina University,No,9274,6362,2435,14,44,13171,1687,7248,3240,500,1700,74,78,13.2,18,9002,58
East Texas Baptist University,Yes,379,341,265,10,36,1050,151,4950,2780,530,1500,62,62,15.7,7,5619,38
Eastern College,Yes,458,369,165,16,42,1057,355,11190,4800,450,1230,60,60,13.6,22,8135,54
Eastern Connecticut State University,No,2172,1493,564,14,50,2766,1531,5962,4316,650,500,71,76,16.9,14,5719,50
Elon College,Yes,3624,2786,858,11,39,2933,334,9100,3883,490,1777,70,74,18.9,34,6329,63
Embry Riddle Aeronautical University,Yes,3151,2584,958,14,40,4772,856,7800,3750,570,3020,37,43,16.5,4,12878,44
Emory University,Yes,8506,4168,1236,76,97,5544,192,17600,6000,600,870,97,98,5,28,28457,96
Emporia State University,No,1256,1256,853,43,79,3957,588,5401,3144,450,1888,72,75,19.3,4,5527,50
Erskine College,Yes,659,557,167,47,74,532,35,10485,3840,475,1246,76,80,13.5,47,7527,67
Fairfield University,Yes,4784,3346,781,30,66,2984,1037,15000,6200,700,1100,86,90,15.1,30,11220,94
Ferrum College,Yes,1339,1107,336,12,36,1051,82,9400,4200,500,1600,53,58,12.5,9,7967,22
Flagler College,Yes,1415,714,338,18,52,1345,44,5120,3200,500,2140,52,60,18.1,9,3930,69
Florida International University,No,3306,2079,1071,42,89,10208,9310,6597,2494,800,3028,81,96,13.9,20,6722,66
Florida Southern College,Yes,1381,1040,374,20,44,1506,970,8025,4865,400,650,65,74,17.4,10,6339,68
Fontbonne College,Yes,291,245,126,16,49,981,337,8390,4100,350,1500,45,55,21.5,24,4607,62
Fordham University,Yes,4200,2874,942,30,55,4740,1646,14235,6965,600,1735,86,97,14.4,14,10864,80
Francis Marion University,No,1801,1655,819,13,38,3224,436,5840,3138,400,2430,76,76,19.1,8,5039,43
Franklin College,Yes,804,632,281,29,72,840,68,10390,4040,525,1345,54,78,12.5,37,11751,60
Franklin Pierce College,Yes,5187,4471,446,3,14,1818,1197,13320,4630,500,800,50,56,17.6,16,6418,51
Geneva College,Yes,668,534,237,19,39,1306,258,9476,4820,500,1100,67,67,20.1,26,6786,74
George Fox College,Yes,809,726,294,27,52,1271,43,12500,4130,400,1050,53,53,13.5,22,7136,52
Georgetown College,Yes,727,693,286,30,55,1063,48,8100,3950,550,550,73,76,13.3,28,7508,55
Georgetown University,Yes,11115,2881,1390,71,93,5881,406,18300,7131,670,1700,91,92,7.2,27,19635,95
Georgia Institute of Technology,No,7837,4527,2276,89,99,8528,654,6489,4438,795,1164,92,92,19.3,33,11271,70
Georgia State University,No,3793,2341,1238,9,24,7732,9054,6744,2655,720,3450,87,89,19,10,7762,34
Georgian Court College,Yes,348,281,127,12,52,1095,785,9150,3950,500,800,56,59,12.2,27,7348,76
Gettysburg College,Yes,3596,2466,575,42,78,1944,46,19964,4328,500,500,94,95,12.1,32,14720,83
Goldey Beacom College,Yes,633,468,284,10,27,823,963,6120,2985,531,1830,25,25,27.6,4,6081,36
Grace College and Seminary,Yes,548,428,167,18,46,618,113,8958,3670,300,1000,53,59,15.3,26,9798,64
Graceland College,Yes,555,414,242,14,41,996,2281,9100,3100,550,880,51,61,23.6,24,5609,47
Grand Valley State University,No,5165,3887,1561,20,60,8234,2619,6108,3800,500,1000,64,66,20.6,9,5063,57
Green Mountain College,Yes,780,628,198,7,20,545,42,11750,2700,400,850,77,83,14,24,6475,76
Guilford College,Yes,1202,1054,326,18,44,1410,299,13404,5160,450,1050,78,86,15.6,30,9114,65
Gwynedd Mercy College,Yes,380,237,104,30,56,716,1108,11000,5550,500,500,36,41,7.8,22,7483,96
Hamilton College,Yes,3140,1783,454,40,82,1646,24,19700,5050,300,800,91,96,9.6,60,17761,91
Hampden - Sydney College,Yes,817,644,307,20,40,945,1,13218,4773,660,600,95,97,13.3,53,12263,69
Hanover College,Yes,1006,837,317,33,65,1024,15,8200,3485,500,1200,84,84,10.6,26,9248,64
Hardin-Simmons University,Yes,467,424,350,16,40,1365,334,6300,2980,700,2140,75,79,13.7,10,7054,38
Harding University,Yes,1721,1068,806,35,75,3128,213,5504,3528,700,910,71,77,17.7,37,6466,73
Harvey Mudd College,Yes,1377,572,178,95,100,654,5,17230,6690,700,900,100,100,8.2,46,21569,100
Hastings College,Yes,817,708,262,22,52,935,37,9376,3272,500,1902,57,63,13,17,7335,52
Hillsdale College,Yes,920,745,347,35,66,1133,42,11090,4700,400,750,80,80,12,31,12639,79
Hiram College,Yes,922,729,244,37,66,1000,275,14067,4560,400,1000,75,95,10.6,34,12165,79
Hobart and William Smith Colleges,Yes,2688,2081,500,25,53,1792,5,19029,5841,600,600,99,99,12.1,37,13040,79
Hofstra University,Yes,7428,5860,1349,25,63,6534,1350,11600,5920,1000,1000,81,90,13.9,10,10093,60
Hollins College,Yes,602,498,215,26,58,795,74,13470,5515,500,850,78,91,11.1,48,13957,72
Hope College,Yes,1712,1483,624,37,69,2505,208,12275,4341,465,1100,72,81,12.5,40,9284,72
Huntingdon College,Yes,608,520,127,26,47,538,126,8080,3920,500,1100,63,72,11.4,9,7703,44
Huntington College,Yes,450,430,125,20,46,488,43,9950,3920,300,1300,76,76,11.8,25,9466,47
Huron University,Yes,600,197,124,3,9,392,69,7260,3090,600,1840,31,35,12.9,4,9249,21
Illinois Benedictine College,Yes,607,558,269,22,47,1222,519,10500,4348,650,1500,81,91,11.6,29,8324,75
Illinois College,Yes,894,787,262,28,63,909,28,8050,3850,600,1000,75,75,15.6,30,7348,52
Illinois Institute of Technology,Yes,1756,1360,478,42,77,1911,626,14550,4620,500,700,80,88,12.3,26,12851,56
Illinois State University,No,8681,6695,2408,10,35,15701,1823,7799,3403,537,2605,77,84,21,16,5569,54
Immaculata College,Yes,268,253,103,16,44,494,1305,10000,5364,500,1000,56,64,11.2,33,7305,69
Iona College,Yes,4892,3530,913,13,33,3906,1446,10690,6790,570,1150,66,83,16,14,8107,66
Ithaca College,Yes,7259,5526,1368,23,52,5612,166,14424,6192,634,1000,58,79,11.5,25,9812,75
Jersey City State College,No,2957,1423,691,10,30,3817,1394,3946,4800,400,1500,63,67,14.9,10,8367,26
John Brown University,Yes,605,405,284,24,53,961,99,6398,3672,400,1350,68,68,13.3,19,8118,75
Johnson State College,No,833,669,279,3,13,1224,345,7656,4690,500,624,80,91,14.4,15,6564,36
Kansas State University,No,5880,4075,2833,25,55,14914,2246,6995,3120,600,2000,76,86,18.5,22,6122,54
Kansas Wesleyan University,Yes,589,575,148,16,40,474,258,8400,3250,500,1400,63,55,12.4,14,6535,68
Keene State College,No,3121,2446,822,5,19,3480,776,7870,4157,500,1150,73,73,16.1,13,6195,61
Kentucky Wesleyan College,Yes,584,497,175,20,49,662,121,8000,4150,500,1300,57,65,11.3,32,7058,62
King's College,Yes,1456,1053,381,20,45,500,541,10910,5160,400,1795,66,72,15.6,37,7649,87
King College,Yes,355,300,142,34,65,509,44,8664,3350,600,3000,65,68,10.7,25,8954,65
Knox College,Yes,1040,845,286,48,77,967,24,15747,4062,400,800,88,95,12.7,33,13224,79
LaGrange College,Yes,544,399,177,15,35,600,363,6987,3585,750,1500,77,83,12.5,12,9067,75
Lake Forest College,Yes,979,638,271,31,70,968,20,16880,3970,920,1320,91,94,10.7,19,15687,77
Lamar University,No,2336,1725,1043,10,27,5438,4058,4752,3040,508,1463,48,82,18.4,12,5879,26
Lenoir-Rhyne College,Yes,979,743,259,25,46,1188,166,10100,4000,400,1000,88,92,12,20,8539,66
Lesley College,Yes,244,198,82,12,33,1134,336,11700,5300,550,805,71,88,27.8,18,8694,58
LeTourneau University,Yes,477,417,204,29,54,1532,77,8840,4240,600,1400,58,70,20.8,23,6863,56
Lewis and Clark College,Yes,2774,2092,482,35,64,1763,59,15800,4790,450,950,97,98,12.3,21,12999,69
Lincoln University,No,1660,1091,326,15,41,1196,33,4818,3400,350,1400,71,72,12.6,8,10912,45
Longwood College,No,2747,1870,724,12,47,2874,118,7920,3962,550,2200,74,80,18.4,23,5553,62
Louisiana State University at Baton Rouge,No,5996,4993,3079,29,57,16269,3757,5925,2980,600,2242,83,87,15.9,11,6741,37
Loyola College,Yes,4076,3137,738,25,54,3010,184,12990,6300,600,900,86,88,14.7,27,9448,80
Luther College,Yes,1549,1392,587,38,72,2269,85,13240,3560,600,400,73,85,13.8,38,8949,77
Lycoming College,Yes,1286,1005,363,16,37,1363,74,13900,4300,500,900,75,81,14,32,8024,72
Lynchburg College,Yes,1756,1500,366,3,21,1524,280,12450,5400,450,870,62,66,12.4,24,8832,70
Lyndon State College,No,535,502,223,6,20,959,150,7320,4640,500,600,48,65,12.6,15,7114,51
Macalester College,Yes,2939,1496,452,56,86,1723,113,15909,4772,500,700,85,91,11.9,37,14213,77
MacMurray College,Yes,740,558,177,12,29,628,63,9620,3750,550,950,49,55,10.8,33,10642,59
Malone College,Yes,874,758,428,21,46,1605,246,9858,3700,450,1200,42,45,17.6,16,4796,55
Manhattanville College,Yes,962,750,212,21,54,830,150,14700,6550,450,400,97,97,11.3,24,11291,70
Mankato State University,No,3073,2672,1547,9,29,9649,1792,4300,2643,450,1660,57,68,19,11,5801,68
Marietta College,Yes,1611,960,342,27,60,1089,210,13850,3920,470,810,80,97,13.2,30,10223,96
Marist College,Yes,4731,3171,830,12,31,3557,658,10700,5925,550,1200,74,81,17.6,34,8408,69
Marquette University,Yes,5152,4600,1685,36,71,7016,804,11610,4760,600,1950,86,94,13.5,25,9982,77
Marshall University,Yes,4226,3666,2007,14,60,7703,2339,5094,4010,700,1560,77,86,16.6,10,6203,50
Marymount Manhattan College,Yes,695,535,239,21,30,988,785,10200,7000,350,1100,63,76,11.7,20,10622,68
Marywood College,Yes,1107,859,323,13,51,1452,402,11040,4500,600,700,65,76,11.8,30,9034,66
McMurry University,Yes,578,411,187,25,50,880,477,6930,3452,400,1525,57,64,11,11,6383,32
McPherson College,Yes,420,293,93,11,32,336,80,7950,3750,600,2740,54,54,9.8,45,9754,48
Meredith College,Yes,857,772,376,25,58,1721,470,6720,3250,450,1520,77,82,13.9,33,6881,82
Messiah College,Yes,1742,1382,607,30,64,2258,53,10300,5080,475,1200,68,75,14.1,30,7762,89
Miami University at Oxford,No,9239,7788,3290,35,39,13606,807,8856,3960,500,1382,81,89,17.6,20,7846,85
Michigan State University,No,18114,15096,6180,23,57,26640,4120,10658,3734,504,600,93,95,14,9,10520,71
Milligan College,Yes,610,461,189,26,52,685,49,8200,3300,550,1000,63,69,12,16,8128,64
Millsaps College,Yes,905,834,319,32,61,1073,179,11320,4402,550,1350,82,89,12.7,38,11218,58
Milwaukee School of Engineering,Yes,1217,1088,496,36,69,1773,884,11505,3255,1000,2075,35,46,16.7,23,7140,67
Mississippi College,Yes,594,385,307,36,57,1695,721,5580,2830,600,700,77,79,16.5,18,6170,61
Mississippi University for Women,No,480,405,380,19,46,1673,1014,4386,2217,600,1500,49,54,15.8,8,5704,63
Missouri Southern State College,No,1576,1326,913,13,50,3689,2200,3840,2852,200,400,52,54,20.3,9,4172,100
Missouri Valley College,Yes,1310,983,316,5,35,1057,175,8550,5050,400,900,35,67,17.4,16,4333,27
Montana State University,No,3500,2836,1779,15,42,8730,993,5552,3710,550,2300,75,83,17.6,8,6324,37
Montclair State University,No,5220,2128,865,19,53,6411,3186,3648,4834,700,950,82,87,21.5,9,6717,58
Morehouse College,Yes,3708,1678,722,41,66,2852,153,7050,5490,250,600,71,74,17.8,10,8122,83
Morningside College,Yes,586,533,239,16,36,950,228,10520,3678,500,1000,48,68,13,32,8111,56
Morris College,Yes,882,730,330,2,13,926,12,4515,2550,850,2100,53,60,18.6,34,6990,60
Mount Saint Mary's College,Yes,1321,1159,328,15,36,1243,79,12850,6200,550,900,77,82,12.8,36,8536,80
Mount St. Mary's College,Yes,657,537,113,37,90,1039,466,12474,5678,630,1278,53,71,11.9,19,10613,72
Mount Union College,Yes,1310,1086,458,26,61,1365,144,12250,3530,400,1150,85,87,16.7,35,7215,81
Mount Vernon Nazarene College,Yes,510,485,334,18,36,1114,94,7400,3346,600,600,57,57,19.8,7,6869,58
National-Louis University,Yes,513,347,279,23,48,2508,505,9090,4500,650,500,62,65,18.3,2,7905,71
New Mexico Institute of Mining and Tech.,No,787,601,233,40,73,1017,411,5376,3214,600,1100,99,100,13.7,11,9241,34
Niagara University,Yes,2220,1796,467,65,99,1919,334,10320,4762,450,650,68,100,14.2,20,7788,65
North Carolina State University at Raleigh,No,10634,7064,3176,39,78,16505,5481,8400,6540,600,1300,92,98,17.5,21,9670,62
North Central College,Yes,1127,884,308,30,64,1310,766,11718,7398,450,1800,73,87,16.4,33,8871,76
Northeast Missouri State University,No,6040,4577,1620,36,72,5640,266,4856,3416,400,1100,69,72,15.7,13,6601,76
Northeastern University,Yes,11901,8492,2517,16,42,11160,10221,13380,7425,600,1750,73,82,12.9,17,9563,46
Northern Illinois University,No,10706,7219,2397,12,37,14826,1979,7799,3296,470,1750,73,78,17.3,11,6086,56
Northwestern University,Yes,12289,5200,1902,85,98,7450,45,16404,5520,759,1585,96,100,6.8,25,26385,92
Notre Dame College,Yes,379,324,107,15,37,500,311,9990,4900,400,600,44,47,12.1,26,4948,33
Oakland University,No,3041,2581,1173,16,56,6441,3982,9114,4030,400,650,88,90,19.7,13,6637,53
Oberlin College,Yes,4778,2767,678,50,89,2587,120,19670,5820,575,1119,77,96,10.1,47,16593,83
Oglethorpe University,Yes,792,649,186,56,87,769,377,12900,4340,600,4110,91,95,13.1,27,8568,67
Ohio University,No,11023,8298,3183,21,54,14861,1310,7629,4095,550,2300,79,87,20.4,13,8811,64
Oklahoma Christian University,Yes,776,765,351,22,44,1419,228,6400,3150,500,1900,58,64,16.2,8,6578,45
Ouachita Baptist University,Yes,910,773,450,31,73,1310,61,6530,2800,500,1500,63,67,13.3,10,6413,65
Pacific University,Yes,943,849,288,41,71,1041,35,14210,3994,450,1100,76,76,10.9,22,11216,42
Pennsylvania State Univ. Main Campus,No,19315,10344,3450,48,93,28938,2025,10645,4060,512,2394,77,96,18.1,19,8992,63
Pepperdine University,Yes,3821,2037,680,86,96,2488,625,18200,6770,500,700,95,98,11.6,13,16185,66
Point Loma Nazarene College,Yes,809,687,428,20,43,1889,217,10178,4190,800,750,71,71,16.1,19,7895,54
Point Park College,Yes,875,744,207,7,38,1173,1402,9700,4830,400,1200,45,90,14.5,10,7652,66
Prairie View A. and M. University,No,2405,2234,1061,10,22,4564,448,4290,3500,598,1582,55,93,19.4,1,5967,35
Presbyterian College,Yes,1082,832,302,34,63,1133,30,11859,3635,554,1429,80,85,13.4,42,8354,85
Quincy University,Yes,1025,707,297,22,66,1070,72,10100,4140,450,1080,69,71,16.3,32,6880,80
Radford University,No,5702,4894,1742,15,37,8077,472,6684,4110,500,900,73,83,19.6,9,4519,62
Randolph-Macon Woman's College,Yes,696,616,169,35,66,653,56,13970,6110,370,920,88,97,9.2,24,16358,68
Reed College,Yes,1966,1436,327,47,80,1199,61,19960,5490,500,450,90,90,11.8,37,15886,68
Roanoke College,Yes,2227,1790,437,27,54,1460,239,13425,4425,450,1200,85,89,13,26,9405,72
Rocky Mountain College,Yes,560,392,270,11,31,743,118,8734,3362,600,625,56,78,11.3,27,6422,68
Rollins College,Yes,1777,1151,382,31,55,1668,1052,16425,5220,955,750,81,85,13.3,23,11561,90
Rosary College,Yes,434,321,141,28,53,624,269,10950,4600,550,950,79,82,12.9,30,9264,81
Rowan College of New Jersey,No,3820,1431,695,21,70,5303,3942,4356,4830,800,800,76,81,22.1,6,7252,51
Sacred Heart University,Yes,2307,1896,509,19,51,1707,1889,11070,5780,400,600,71,73,14.8,16,7120,82
Saint Anselm College,Yes,2095,1553,514,15,40,1873,94,12950,5400,450,1120,70,82,14.5,29,6719,97
Saint Cloud State University,No,3971,3306,1921,10,34,11493,2206,4259,2625,350,1884,70,75,18.9,10,4629,58
Saint Francis College,Yes,1046,824,284,21,45,1223,451,10880,5050,400,1235,64,64,19.3,24,7344,69
Saint John's University,Yes,933,800,444,18,45,1691,72,12247,4081,500,600,76,85,12,38,9853,70
Saint Joseph's College IN,Yes,920,684,225,24,42,815,222,11200,4250,600,950,55,60,14.8,19,7360,67
Saint Joseph College,Yes,292,241,96,20,52,543,712,12200,4600,650,950,87,90,11.2,32,8680,76
Saint Louis University,Yes,3294,2855,956,44,67,4576,1140,11690,4730,800,6800,84,94,4.6,19,18367,67
Saint Mary's College of Minnesota,Yes,876,802,367,14,35,1263,118,10800,3600,400,820,68,74,18.8,19,5081,78
Saint Mary-of-the-Woods College,Yes,150,130,88,23,50,341,768,10300,4130,500,1700,44,58,10.2,37,9678,75
Salem-Teikyo University,Yes,489,384,120,23,52,700,45,10575,3952,400,620,46,24,13,9,8946,98
Samford University,Yes,1680,1395,691,34,76,2959,402,8236,3700,569,1650,74,75,14.7,17,9533,61
San Diego State University,No,9402,7020,2151,20,70,16407,5550,8384,5110,612,2400,87,93,19.5,7,7930,41
Santa Clara University,Yes,4019,2779,888,40,73,3891,128,13584,5928,630,1278,88,92,13.9,19,10872,100
Sarah Lawrence College,Yes,1380,768,263,57,82,1000,105,19300,6694,600,700,89,93,6.1,18,14779,83
Savannah Coll. of Art and Design,Yes,1109,688,386,20,65,1897,208,8325,5000,1200,1600,14,98,16.1,26,6874,55
Seattle Pacific University,Yes,1183,1016,411,42,82,1922,704,12669,4875,600,1250,83,85,16.8,20,10368,66
Seattle University,Yes,2115,1540,494,28,72,2993,347,12825,4375,500,1500,85,85,12.2,16,10175,89
Seton Hill College,Yes,936,794,197,24,56,752,210,11240,4180,350,2000,71,71,11.2,37,10065,71
Shorter College,Yes,540,445,165,23,70,1115,111,7210,3600,500,2000,62,65,13.2,18,7356,58
Simmons College,Yes,1003,782,295,23,53,1144,160,16160,6950,500,1200,74,81,8.9,33,14086,79
Sioux Falls College,Yes,437,400,211,13,35,614,271,8990,3064,500,1700,73,73,14.8,7,7881,48
Skidmore College,Yes,4293,2728,591,25,62,2322,263,18710,5970,500,700,87,92,12.7,29,14837,81
Smith College,Yes,2925,1598,632,51,88,2479,95,18820,6390,500,1050,85,97,10.3,44,21199,90
Southeastern Oklahoma State Univ.,No,818,700,447,20,50,2962,651,3738,2619,450,1022,55,59,19.6,9,4444,53
Southern California College,Yes,385,340,193,18,38,784,127,9520,4124,630,1818,63,65,18.6,11,8219,43
Southern Methodist University,Yes,4301,3455,1166,41,69,4892,387,12772,5078,576,1802,74,88,13.5,17,12726,72
Southwest Missouri State University,No,6118,5254,3204,15,37,13131,3374,4740,2590,500,1360,70,75,19.9,11,4632,56
Southwest State University,No,1047,938,511,13,33,2091,546,4285,2750,600,1800,58,75,16.5,31,6591,51
Southwestern Adventist College,Yes,321,318,172,11,27,620,280,7536,3736,430,1651,44,77,13,12,5309,36
Southwestern College,Yes,213,155,75,28,66,504,147,7200,3532,550,1500,56,56,11.8,12,7818,52
Spalding University,Yes,283,201,97,10,45,589,263,8400,2800,600,900,50,56,10.6,40,6860,89
Spring Arbor College,Yes,372,362,181,15,32,1501,353,8600,3550,385,665,48,48,15.4,9,10938,49
St. John Fisher College,Yes,1368,1064,354,19,51,1687,677,10570,5600,400,800,86,81,14.5,29,7908,66
St. Lawrence University,Yes,2753,1820,505,31,56,1801,45,18720,5730,650,825,90,94,11.5,38,14980,85
St. Mary's College of California,Yes,2643,1611,465,36,80,2615,248,13332,6354,630,1584,88,89,16.1,17,9619,78
St. Mary's University of San Antonio,Yes,1243,1020,414,33,60,2149,418,8678,3858,700,1736,82,83,16.2,7,7651,72
St. Norbert College,Yes,1334,1243,568,30,56,1946,95,12140,4450,425,1100,74,78,15.1,36,8595,88
St. Paul's College,Yes,651,581,243,8,17,617,34,5000,3650,600,600,45,45,14,8,8426,45
St. Thomas Aquinas College,Yes,861,609,215,10,27,1117,815,8650,5700,500,1750,69,73,16.1,13,6534,67
Stetson University,Yes,1557,1227,489,37,69,1964,81,12315,4565,600,1365,85,90,12.5,24,10307,73
Stevens Institute of Technology,Yes,1768,1249,380,51,93,1263,11,16900,5680,450,750,89,89,19,33,12837,79
Stonehill College,Yes,3646,2300,585,25,69,2022,926,12170,6172,480,800,79,79,13,30,7495,97
SUNY at Albany,No,13528,9198,1843,16,61,10168,1231,6550,4355,700,1560,93,96,17.4,16,9075,74
SUNY at Binghamton,No,14463,6166,1757,60,94,8544,671,6550,4598,700,1000,83,100,18,15,8055,80
SUNY College  at Brockport,No,7294,3564,904,7,34,5758,1363,6550,4460,500,705,79,83,19,14,6632,49
SUNY College  at Oswego,No,8000,4556,1464,17,70,6943,869,6550,4810,500,1500,69,85,22,21,5280,63
SUNY College at Cortland,No,7888,3519,1036,6,40,5011,346,6550,4680,630,1274,82,85,17.8,17,5563,53
SUNY College at Fredonia,No,4877,2798,814,13,48,4123,298,6550,4420,620,1481,82,90,16.3,10,6442,66
Talladega College,Yes,4414,1500,335,30,60,908,119,5666,2964,1000,1400,56,58,15.5,7,5970,46
Taylor University,Yes,1769,1092,437,41,80,1757,81,10965,4000,450,1250,60,61,14.2,32,8294,98
Texas A&M University at Galveston,No,529,481,243,22,47,1206,134,4860,3122,600,650,103,88,17.4,16,6415,43
Texas Christian University,Yes,4095,3079,1195,33,64,5064,660,8490,3320,650,2400,81,93,14.8,23,9158,64
Texas Lutheran College,Yes,497,423,215,27,57,895,429,7850,3410,490,1700,54,58,13.8,24,7002,50
Texas Southern University,No,4345,3245,2604,15,85,5584,3101,7860,3360,600,1700,65,75,18.2,21,3605,10
Tiffin University,Yes,845,734,254,5,21,662,351,7600,3800,600,1200,59,74,19,40,5096,39
Transylvania University,Yes,759,729,244,57,81,867,51,10900,4450,500,1000,81,91,12.1,41,10219,70
Trenton State College,No,5042,2312,944,55,94,5167,902,5391,5411,700,1000,81,87,14.4,6,8504,81
Tusculum College,Yes,626,372,145,12,34,983,40,7700,3400,450,800,70,70,21.9,28,4933,52
Union College KY,Yes,484,384,177,9,45,634,78,7800,2950,500,600,60,88,14.1,9,6864,64
Univ. of Wisconsin at OshKosh,No,4800,2900,1515,14,48,7764,1472,6874,2394,518,1890,73,78,19.2,14,5901,56
University of Alabama at Birmingham,No,1797,1260,938,24,35,6960,4698,4440,5175,750,2200,96,96,6.7,16,16352,33
University of Central Florida,No,6986,2959,1918,25,60,12330,7152,6618,4234,700,1600,80,98,22.2,9,6742,46
University of Chicago,Yes,6348,2999,922,68,94,3340,39,18930,6380,500,1254,99,99,5.3,36,36854,90
University of Cincinnati,No,6855,5553,2408,26,57,11036,2011,8907,4697,556,1851,89,95,10.8,6,13889,54
University of Connecticut at Storrs,No,9735,7187,2064,23,63,12478,1660,11656,5072,700,2300,89,95,16,16,10178,71
University of Dallas,Yes,681,588,246,44,74,1058,73,10760,6230,500,1200,85,93,13.4,26,8731,63
University of Denver,Yes,2974,2001,580,29,60,2666,554,15192,4695,400,1350,84,91,15.9,21,11762,67
University of Detroit Mercy,Yes,927,731,415,24,50,2149,2217,11130,3996,600,2166,72,79,13.5,14,10891,51
University of Dubuque,Yes,576,558,137,11,39,662,131,10430,3620,400,1500,85,98,16.5,18,8767,45
University of Florida,No,12445,8836,3623,54,85,24470,3286,7090,4180,630,1530,88,97,13.4,20,14737,66
University of Hawaii at Manoa,No,3580,2603,1627,36,69,11028,2411,4460,3038,687,1281,85,87,11.8,6,12833,54
University of Illinois - Urbana,No,14939,11652,5705,52,88,25422,911,7560,4574,500,1982,87,90,17.4,13,8559,81
University of Indianapolis,Yes,1487,1276,388,26,51,1417,1646,11120,4080,525,1405,55,56,11.1,23,6735,69
University of Kansas,No,8579,5561,3681,25,50,17880,1673,6994,3384,700,2681,88,94,13.7,17,9657,57
University of Louisville,No,4777,3057,1823,16,33,9844,6198,6540,3600,530,2440,84,92,11.1,24,10207,31
University of Maine at Farmington,No,1208,803,438,20,48,1906,344,6810,3970,450,1647,67,75,15.9,26,5712,59
University of Maine at Presque Isle,No,461,381,235,10,40,974,503,6600,3630,400,1675,67,67,15.2,11,6408,35
University of Maryland at Baltimore County,No,4269,2594,985,27,57,6476,2592,8594,4408,494,2768,82,88,18.4,6,7618,55
University of Massachusetts at Amherst,No,14438,12414,3816,12,39,16282,1940,8566,3897,500,1400,88,92,16.7,15,10276,68
University of Miami,Yes,7122,5386,1643,42,69,7760,876,16500,6526,630,1985,82,94,5.9,17,17500,59
University of Michigan at Ann Arbor,No,19152,12940,4893,66,92,22045,1339,15732,4659,476,1600,90,98,11.5,26,14847,87
University of Minnesota at Duluth,No,4192,3126,1656,15,45,5887,1254,8828,3474,753,2610,79,91,19,11,6393,53
University of Minnesota at Morris,No,1458,874,588,56,86,1846,154,9843,3180,600,1500,74,78,14.6,16,6716,51
University of Minnesota Twin Cities,No,11054,6397,3524,26,55,16502,21836,8949,3744,714,2910,88,90,12.2,37,16122,45
University of Missouri at Rolla,No,1877,1826,823,49,77,3926,561,9057,3600,700,1435,88,88,14.4,23,9699,49
University of Missouri at Saint Louis,No,1618,1141,479,18,54,4793,4552,7246,3964,500,4288,71,73,13.4,15,6433,48
University of Montevallo,No,1351,892,570,18,78,2385,331,4440,3030,300,600,72,72,18.9,8,5883,51
University of Nebraska at Lincoln,No,6277,6003,3526,33,63,16454,3171,5595,3145,500,2070,86,92,15.1,48,6813,53
University of New Hampshire,No,9750,7640,2529,24,62,10358,1338,11180,3862,650,2450,89,87,17.5,16,7855,75
University of North Carolina at Chapel Hill,No,14596,5985,3331,75,92,14609,1100,8400,4200,550,1200,88,93,8.9,23,15893,83
University of North Carolina at Charlotte,No,5803,4441,1730,19,62,10099,3255,7248,3109,600,1900,79,91,16.8,7,6227,62
University of North Carolina at Greensboro,No,5191,4134,1500,15,44,7532,1847,8677,3505,600,1300,75,94,15.5,17,7392,53
University of North Carolina at Wilmington,No,6071,3856,1449,15,67,6635,1145,7558,3680,500,1500,82,85,19.1,15,6005,55
University of North Florida,No,1800,1253,560,44,85,3876,3588,6634,4360,600,2604,82,85,17.8,14,6104,47
University of North Texas,No,4418,2737,2049,23,51,14047,5134,4104,3579,450,1700,86,94,22.6,6,5657,35
University of Northern Colorado,No,5530,4007,1697,12,37,8463,1498,7731,4128,540,2286,75,75,21.5,8,6309,40
University of Northern Iowa,No,4144,3379,1853,18,52,10135,1448,6197,2930,595,2380,78,82,16.3,26,6333,77
University of Pittsburgh-Main Campus,No,8586,6383,2503,25,59,13138,4289,10786,4560,400,900,93,93,7.8,10,13789,66
University of Portland,Yes,1758,1485,419,27,58,2041,174,12040,4100,600,1100,92,96,13.2,17,9060,72
University of Rhode Island,No,9643,7751,1968,12,40,8894,2456,10330,5558,500,1250,84,89,16.6,7,9158,63
University of Rochester,Yes,8766,5498,1243,56,75,5071,438,17840,6582,500,882,93,99,5.9,23,26037,80
University of San Diego,Yes,3934,2735,886,40,70,3698,217,13600,5940,630,1820,93,96,15.6,13,10813,66
University of Sci. and Arts of Oklahoma,No,285,280,208,21,43,1140,473,3687,1920,600,1800,67,77,23.6,3,3864,43
University of South Carolina at Aiken,No,848,560,377,14,24,1855,1412,5800,3066,500,1500,62,62,14.8,3,5035,48
University of South Carolina at Columbia,No,7693,5815,2328,30,66,12594,3661,8074,3522,495,2941,84,88,16.9,18,8246,63
University of Southern Colorado,No,1401,1239,605,10,34,3716,675,7100,4380,540,2948,63,88,19.4,0,5389,36
University of St. Thomas MN,Yes,2057,1807,828,26,53,4106,982,11712,4037,500,800,80,80,13.8,13,8546,89
University of Tennessee at Knoxville,No,7473,5372,3013,27,53,15749,3237,5764,3262,750,3300,86,92,16.5,22,8612,53
University of Texas at Arlington,No,3281,2559,1448,19,43,10975,8431,4422,2780,500,2850,73,73,21,4,4696,29
University of the Arts,Yes,974,704,290,5,22,1145,39,12520,3860,1300,700,16,59,7.5,9,11641,57
University of Tulsa,Yes,1712,1557,696,41,68,2936,433,11750,4160,1200,2350,94,96,11.5,10,11743,47
University of Utah,No,5095,4491,2400,27,53,13894,8374,6857,3975,858,3093,89,93,12.8,9,9275,37
University of Vermont,No,7663,6008,1735,18,51,7353,1674,15516,4928,500,990,87,90,9.9,10,12646,79
University of Virginia,No,15849,5384,2678,74,95,11278,114,12212,3792,500,1000,90,92,9.5,22,13597,95
University of Washington,No,12749,7025,3343,40,81,20356,4582,8199,4218,708,2172,96,94,9,10,16527,65
Upper Iowa University,Yes,663,452,192,10,35,1481,1160,8840,3060,500,1000,69,75,17.4,19,3733,78
Ursinus College,Yes,1399,1026,308,44,77,1131,17,14900,5160,500,800,82,85,11.6,40,12082,79
Valley City State University,No,368,344,212,5,27,863,189,4286,2570,600,2000,39,41,14.9,25,4958,40
Vanderbilt University,Yes,7791,4690,1499,71,92,5500,90,17865,6525,630,952,93,98,5.8,26,23850,83
Vassar College,Yes,3550,1877,653,53,87,2164,77,18920,5950,600,800,90,98,9.7,39,17089,90
Virginia Tech,No,15712,11719,4277,29,53,18511,604,10260,3176,740,2200,85,89,13.8,20,8944,73
Wake Forest University,Yes,5661,2392,903,75,88,3499,172,13850,4360,500,1250,95,97,4.3,37,41766,89
Walsh University,Yes,1092,890,477,27,92,847,497,8670,4180,500,1450,42,58,11.3,33,5738,68
Warren Wilson College,Yes,440,311,112,25,49,466,7,10000,3052,400,1100,65,75,11.4,20,9430,63
Wartburg College,Yes,1231,1074,345,34,66,1295,105,11600,3610,400,850,66,91,12.4,37,7735,67
Washington College,Yes,1209,942,214,31,60,822,46,15276,5318,500,300,79,86,11.2,37,10830,65
Washington University,Yes,7654,5259,1254,62,93,4879,1274,18350,5775,768,1512,91,98,3.9,31,45702,90
Wayne State College,No,1373,1373,724,6,21,2754,474,2700,2660,540,1660,60,68,20.3,29,4550,52
Waynesburg College,Yes,1190,978,324,12,30,1280,61,8840,3620,500,1200,57,58,16.2,26,6563,63
Webster University,Yes,665,462,226,17,44,1739,1550,9160,4340,500,500,68,68,20.6,14,6951,48
Wellesley College,Yes,2895,1249,579,80,96,2195,156,18345,5995,500,700,94,98,10.6,51,21409,91
Wentworth Institute of Technology,Yes,1480,1257,452,6,25,2961,572,9850,6050,850,920,10,68,15.4,8,17858,64
Wesleyan University,Yes,4772,1973,712,60,86,2714,27,19130,5600,1400,1400,90,94,12.1,39,16262,92
West Chester University of Penn.,No,6502,3539,1372,11,51,7484,1904,7844,4108,400,2000,76,79,15.3,16,6773,52
West Liberty State College,No,1164,1062,478,12,25,2138,227,4470,2890,600,1210,33,33,16.3,10,4249,60
Western New England College,Yes,1650,1471,409,7,21,1803,1116,8994,5500,498,2065,74,97,15.4,15,8409,59
Western Washington University,No,5548,3563,1549,30,71,8909,506,8124,4144,639,2385,83,89,22.7,10,7203,61
Westfield State College,No,3100,2150,825,3,20,3234,941,5542,3788,500,1300,75,79,15.7,20,4222,65
Westmont College,No,950,713,351,42,72,1276,9,14320,5304,490,1410,77,77,14.9,17,8837,87
Wheaton College IL,Yes,1432,920,548,56,84,2200,56,11480,4200,530,1400,81,83,12.7,40,11916,85
Wheeling Jesuit College,Yes,903,755,213,15,49,971,305,10500,4545,600,600,66,71,14.1,27,7494,72
Whittier College,Yes,1681,1069,344,35,63,1235,30,16249,5699,500,1998,84,92,13.6,29,11778,52
Widener University,Yes,2139,1492,502,24,64,2186,2171,12350,5370,500,1350,88,86,12.6,19,9603,63
William Jewell College,Yes,663,547,315,32,67,1279,75,10060,2970,500,2600,74,80,11.2,19,7885,59
Williams College,Yes,4186,1245,526,81,96,1988,29,19629,5790,500,1200,94,99,9,64,22014,99
Winthrop University,No,2320,1805,769,24,61,3395,670,6400,3392,580,2150,71,80,12.8,26,6729,59
Wisconsin Lutheran College,Yes,152,128,75,17,41,282,22,9100,3700,500,1400,48,48,8.5,26,8960,50
Worcester Polytechnic Institute,Yes,2768,2314,682,49,86,2802,86,15884,5370,530,730,92,94,15.2,34,10774,82
Worcester State College,No,2197,1515,543,4,26,3089,2029,6797,3900,500,1200,60,60,21,14,4469,40
Xavier University,Yes,1959,1805,695,24,47,2849,1107,11520,4960,600,1250,73,75,13.3,31,9189,83
Xavier University of Louisiana,Yes,2097,1915,695,34,61,2793,166,6900,4200,617,781,67,75,14.4,20,8323,49
Yale University,Yes,10705,2453,1317,95,99,5217,83,19840,6510,630,2115,96,96,5.8,49,40386,99
York College of Pennsylvania,Yes,2989,1855,691,28,63,2988,1726,4990,3560,500,1250,75,75,18.1,28,4509,99
